[{"model": "admin.logentry", "pk": 1, "fields": {"action_time": "2023-09-10T14:56:46.105Z", "user": 1, "content_type": 15, "object_id": "1", "object_repr": "admin", "action_flag": 1, "change_message": "[{\"added\": {}}]"}}, {"model": "admin.logentry", "pk": 2, "fields": {"action_time": "2023-09-10T14:57:21.550Z", "user": 1, "content_type": 8, "object_id": "1", "object_repr": "distortion", "action_flag": 1, "change_message": "[{\"added\": {}}]"}}, {"model": "admin.logentry", "pk": 3, "fields": {"action_time": "2023-09-10T14:57:31.634Z", "user": 1, "content_type": 8, "object_id": "2", "object_repr": "reverb effect desc ting", "action_flag": 1, "change_message": "[{\"added\": {}}]"}}, {"model": "admin.logentry", "pk": 4, "fields": {"action_time": "2023-09-10T14:57:58.229Z", "user": 1, "content_type": 4, "object_id": "2", "object_repr": "second", "action_flag": 1, "change_message": "[{\"added\": {}}]"}}, {"model": "admin.logentry", "pk": 5, "fields": {"action_time": "2023-09-10T14:58:31.733Z", "user": 1, "content_type": 15, "object_id": "2", "object_repr": "second", "action_flag": 1, "change_message": "[{\"added\": {}}]"}}, {"model": "admin.logentry", "pk": 6, "fields": {"action_time": "2023-09-10T14:59:43.029Z", "user": 1, "content_type": 7, "object_id": "1", "object_repr": "[man] Kalopsia", "action_flag": 1, "change_message": "[{\"added\": {}}]"}}, {"model": "admin.logentry", "pk": 7, "fields": {"action_time": "2023-09-10T15:00:00.948Z", "user": 1, "content_type": 7, "object_id": "2", "object_repr": "[man] Instant", "action_flag": 1, "change_message": "[{\"added\": {}}]"}}, {"model": "admin.logentry", "pk": 8, "fields": {"action_time": "2023-09-10T15:01:11.876Z", "user": 1, "content_type": 10, "object_id": "1", "object_repr": "[prod] Green Effect", "action_flag": 1, "change_message": "[{\"added\": {}}]"}}, {"model": "admin.logentry", "pk": 9, "fields": {"action_time": "2023-09-10T15:03:41.434Z", "user": 1, "content_type": 10, "object_id": "2", "object_repr": "[prod] Pink Sauce", "action_flag": 1, "change_message": "[{\"added\": {}}]"}}, {"model": "admin.logentry", "pk": 10, "fields": {"action_time": "2023-09-10T15:03:54.340Z", "user": 1, "content_type": 9, "object_id": "1", "object_repr": "[shipping] basic", "action_flag": 1, "change_message": "[{\"added\": {}}]"}}, {"model": "admin.logentry", "pk": 11, "fields": {"action_time": "2023-09-10T15:03:58.671Z", "user": 1, "content_type": 9, "object_id": "2", "object_repr": "[shipping] extra", "action_flag": 1, "change_message": "[{\"added\": {}}]"}}, {"model": "admin.logentry", "pk": 12, "fields": {"action_time": "2023-09-10T15:04:21.971Z", "user": 1, "content_type": 13, "object_id": "1", "object_repr": "admin[cart]", "action_flag": 1, "change_message": "[{\"added\": {}}]"}}, {"model": "admin.logentry", "pk": 13, "fields": {"action_time": "2023-09-10T15:04:30.815Z", "user": 1, "content_type": 13, "object_id": "2", "object_repr": "second[cart]", "action_flag": 1, "change_message": "[{\"added\": {}}]"}}, {"model": "admin.logentry", "pk": 14, "fields": {"action_time": "2023-09-10T15:04:58.733Z", "user": 1, "content_type": 14, "object_id": "1", "object_repr": "admin[order]", "action_flag": 1, "change_message": "[{\"added\": {}}]"}}, {"model": "admin.logentry", "pk": 15, "fields": {"action_time": "2023-09-10T15:06:02.154Z", "user": 1, "content_type": 14, "object_id": "1", "object_repr": "admin[order]", "action_flag": 2, "change_message": "[{\"changed\": {\"fields\": [\"Shipping cost\"]}}]"}}, {"model": "admin.logentry", "pk": 16, "fields": {"action_time": "2023-09-10T15:06:24.980Z", "user": 1, "content_type": 12, "object_id": "1", "object_repr": "pink-saucereviewadmin", "action_flag": 1, "change_message": "[{\"added\": {}}]"}}, {"model": "admin.logentry", "pk": 17, "fields": {"action_time": "2023-09-10T15:58:38.001Z", "user": 1, "content_type": 12, "object_id": "2", "object_repr": "green-effectreviewsecond", "action_flag": 1, "change_message": "[{\"added\": {}}]"}}, {"model": "admin.logentry", "pk": 18, "fields": {"action_time": "2023-09-10T16:11:24.958Z", "user": 1, "content_type": 12, "object_id": "1", "object_repr": "pink-saucereviewadmin", "action_flag": 2, "change_message": "[]"}}, {"model": "admin.logentry", "pk": 19, "fields": {"action_time": "2023-09-10T16:11:29.405Z", "user": 1, "content_type": 12, "object_id": "2", "object_repr": "green-effectreviewsecond", "action_flag": 2, "change_message": "[]"}}, {"model": "admin.logentry", "pk": 20, "fields": {"action_time": "2023-09-11T12:21:31.256Z", "user": 1, "content_type": 12, "object_id": "2", "object_repr": "green-effectreviewsecond", "action_flag": 2, "change_message": "[{\"changed\": {\"fields\": [\"Liked by\"]}}]"}}, {"model": "admin.logentry", "pk": 21, "fields": {"action_time": "2023-09-11T12:21:38.561Z", "user": 1, "content_type": 12, "object_id": "3", "object_repr": "green-effectreviewadmin", "action_flag": 2, "change_message": "[{\"changed\": {\"fields\": [\"Liked by\"]}}]"}}, {"model": "admin.logentry", "pk": 22, "fields": {"action_time": "2023-09-11T12:23:42.850Z", "user": 1, "content_type": 12, "object_id": "1", "object_repr": "pink-saucereviewadmin", "action_flag": 2, "change_message": "[{\"changed\": {\"fields\": [\"Like count\"]}}]"}}, {"model": "admin.logentry", "pk": 23, "fields": {"action_time": "2023-09-11T12:23:48.317Z", "user": 1, "content_type": 12, "object_id": "2", "object_repr": "green-effectreviewsecond", "action_flag": 2, "change_message": "[{\"changed\": {\"fields\": [\"Like count\"]}}]"}}, {"model": "admin.logentry", "pk": 24, "fields": {"action_time": "2023-09-11T12:23:52.497Z", "user": 1, "content_type": 12, "object_id": "3", "object_repr": "green-effectreviewadmin", "action_flag": 2, "change_message": "[{\"changed\": {\"fields\": [\"Like count\"]}}]"}}, {"model": "admin.logentry", "pk": 25, "fields": {"action_time": "2023-09-11T15:49:38.710Z", "user": 1, "content_type": 10, "object_id": "2", "object_repr": "pink-sauce", "action_flag": 2, "change_message": "[{\"changed\": {\"fields\": [\"Effect type\", \"Character\"]}}]"}}, {"model": "admin.logentry", "pk": 26, "fields": {"action_time": "2023-09-11T15:51:49.593Z", "user": 1, "content_type": 10, "object_id": "2", "object_repr": "pink-sauce", "action_flag": 2, "change_message": "[{\"changed\": {\"fields\": [\"Discount\"]}}]"}}, {"model": "admin.logentry", "pk": 27, "fields": {"action_time": "2023-09-11T16:07:43.828Z", "user": 1, "content_type": 11, "object_id": "1", "object_repr": "pink-sauceimage-vqx8qj2", "action_flag": 1, "change_message": "[{\"added\": {}}]"}}, {"model": "admin.logentry", "pk": 28, "fields": {"action_time": "2023-09-11T16:07:52.188Z", "user": 1, "content_type": 11, "object_id": "2", "object_repr": "pink-sauceimage-iune6d2", "action_flag": 1, "change_message": "[{\"added\": {}}]"}}, {"model": "admin.logentry", "pk": 29, "fields": {"action_time": "2023-09-11T16:08:01.990Z", "user": 1, "content_type": 11, "object_id": "3", "object_repr": "green-effectimage-fozb0a1", "action_flag": 1, "change_message": "[{\"added\": {}}]"}}, {"model": "admin.logentry", "pk": 30, "fields": {"action_time": "2023-09-12T13:09:49.149Z", "user": 1, "content_type": 15, "object_id": "1", "object_repr": "admin", "action_flag": 2, "change_message": "[]"}}, {"model": "admin.logentry", "pk": 31, "fields": {"action_time": "2023-09-12T17:15:30.656Z", "user": 1, "content_type": 12, "object_id": "1", "object_repr": "pink-saucereviewadmin", "action_flag": 3, "change_message": ""}}, {"model": "admin.logentry", "pk": 32, "fields": {"action_time": "2023-09-13T08:21:22.842Z", "user": 1, "content_type": 13, "object_id": "2", "object_repr": "second[cart]", "action_flag": 3, "change_message": ""}}, {"model": "admin.logentry", "pk": 33, "fields": {"action_time": "2023-09-13T08:24:22.191Z", "user": 1, "content_type": 13, "object_id": "1", "object_repr": "admin[cart]", "action_flag": 2, "change_message": "[]"}}, {"model": "admin.logentry", "pk": 34, "fields": {"action_time": "2023-09-13T08:24:25.471Z", "user": 1, "content_type": 13, "object_id": "1", "object_repr": "admin[cart]", "action_flag": 2, "change_message": "[]"}}, {"model": "admin.logentry", "pk": 35, "fields": {"action_time": "2023-09-13T08:24:47.710Z", "user": 1, "content_type": 13, "object_id": "1", "object_repr": "admin[cart]", "action_flag": 2, "change_message": "[]"}}, {"model": "admin.logentry", "pk": 36, "fields": {"action_time": "2023-09-13T08:25:13.514Z", "user": 1, "content_type": 13, "object_id": "1", "object_repr": "admin[cart]", "action_flag": 2, "change_message": "[{\"changed\": {\"fields\": [\"Slug\"]}}]"}}, {"model": "admin.logentry", "pk": 37, "fields": {"action_time": "2023-09-13T09:29:58.999Z", "user": 1, "content_type": 13, "object_id": "1", "object_repr": "admin[cart]", "action_flag": 3, "change_message": ""}}, {"model": "admin.logentry", "pk": 38, "fields": {"action_time": "2023-09-13T09:57:09.464Z", "user": 1, "content_type": 13, "object_id": "3", "object_repr": "admin[cart]", "action_flag": 1, "change_message": "[{\"added\": {}}]"}}, {"model": "admin.logentry", "pk": 39, "fields": {"action_time": "2023-09-13T09:57:19.100Z", "user": 1, "content_type": 13, "object_id": "4", "object_repr": "second[cart]", "action_flag": 1, "change_message": "[{\"added\": {}}]"}}, {"model": "admin.logentry", "pk": 40, "fields": {"action_time": "2023-09-13T14:17:41.793Z", "user": 1, "content_type": 13, "object_id": "3", "object_repr": "admin-cart", "action_flag": 2, "change_message": "[{\"changed\": {\"fields\": [\"Sum cost\"]}}]"}}, {"model": "admin.logentry", "pk": 41, "fields": {"action_time": "2023-09-14T10:54:21.916Z", "user": 1, "content_type": 17, "object_id": "1", "object_repr": "DISCOUNT10", "action_flag": 1, "change_message": "[{\"added\": {}}]"}}, {"model": "admin.logentry", "pk": 42, "fields": {"action_time": "2023-09-14T10:54:33.003Z", "user": 1, "content_type": 17, "object_id": "2", "object_repr": "DISCOUNT15", "action_flag": 1, "change_message": "[{\"added\": {}}]"}}, {"model": "admin.logentry", "pk": 43, "fields": {"action_time": "2023-09-14T10:55:28.667Z", "user": 1, "content_type": 18, "object_id": "2", "object_repr": "admin-address-smugowa113", "action_flag": 1, "change_message": "[{\"added\": {}}]"}}, {"model": "admin.logentry", "pk": 44, "fields": {"action_time": "2023-09-14T10:55:45.505Z", "user": 1, "content_type": 18, "object_id": "3", "object_repr": "admin-address-zucken1", "action_flag": 1, "change_message": "[{\"added\": {}}]"}}, {"model": "admin.logentry", "pk": 45, "fields": {"action_time": "2023-09-14T11:07:51.459Z", "user": 1, "content_type": 13, "object_id": "3", "object_repr": "admin-cart", "action_flag": 2, "change_message": "[]"}}, {"model": "admin.logentry", "pk": 46, "fields": {"action_time": "2023-09-14T11:07:53.870Z", "user": 1, "content_type": 13, "object_id": "4", "object_repr": "second-cart", "action_flag": 2, "change_message": "[]"}}, {"model": "admin.logentry", "pk": 47, "fields": {"action_time": "2023-09-14T11:16:49.690Z", "user": 1, "content_type": 18, "object_id": "4", "object_repr": "admin-address-aaa123", "action_flag": 3, "change_message": ""}}, {"model": "admin.logentry", "pk": 48, "fields": {"action_time": "2023-09-14T11:17:36.975Z", "user": 1, "content_type": 18, "object_id": "5", "object_repr": "admin-address-aaa123", "action_flag": 3, "change_message": ""}}, {"model": "admin.logentry", "pk": 49, "fields": {"action_time": "2023-09-14T11:19:51.704Z", "user": 1, "content_type": 18, "object_id": "6", "object_repr": "admin-address-aaa123", "action_flag": 3, "change_message": ""}}, {"model": "admin.logentry", "pk": 50, "fields": {"action_time": "2023-09-14T11:34:35.421Z", "user": 1, "content_type": 14, "object_id": "2", "object_repr": "admin-order", "action_flag": 2, "change_message": "[]"}}, {"model": "admin.logentry", "pk": 51, "fields": {"action_time": "2023-09-14T11:34:51.895Z", "user": 1, "content_type": 18, "object_id": "14", "object_repr": "admin-address-fgh66", "action_flag": 3, "change_message": ""}}, {"model": "admin.logentry", "pk": 52, "fields": {"action_time": "2023-09-14T11:34:51.897Z", "user": 1, "content_type": 18, "object_id": "13", "object_repr": "admin-address-fgh66", "action_flag": 3, "change_message": ""}}, {"model": "admin.logentry", "pk": 53, "fields": {"action_time": "2023-09-14T11:34:51.898Z", "user": 1, "content_type": 18, "object_id": "12", "object_repr": "admin-address-fgh66", "action_flag": 3, "change_message": ""}}, {"model": "admin.logentry", "pk": 54, "fields": {"action_time": "2023-09-14T11:34:51.899Z", "user": 1, "content_type": 18, "object_id": "11", "object_repr": "admin-address-dfg234", "action_flag": 3, "change_message": ""}}, {"model": "admin.logentry", "pk": 55, "fields": {"action_time": "2023-09-14T11:34:51.900Z", "user": 1, "content_type": 18, "object_id": "10", "object_repr": "admin-address-bro123", "action_flag": 3, "change_message": ""}}, {"model": "admin.logentry", "pk": 56, "fields": {"action_time": "2023-09-14T11:34:51.901Z", "user": 1, "content_type": 18, "object_id": "9", "object_repr": "admin-address-bro123", "action_flag": 3, "change_message": ""}}, {"model": "admin.logentry", "pk": 57, "fields": {"action_time": "2023-09-14T11:34:51.902Z", "user": 1, "content_type": 18, "object_id": "8", "object_repr": "admin-address-bro123", "action_flag": 3, "change_message": ""}}, {"model": "admin.logentry", "pk": 58, "fields": {"action_time": "2023-09-14T11:34:51.903Z", "user": 1, "content_type": 18, "object_id": "7", "object_repr": "admin-address-bro123", "action_flag": 3, "change_message": ""}}, {"model": "admin.logentry", "pk": 59, "fields": {"action_time": "2023-09-14T16:03:16.086Z", "user": 1, "content_type": 14, "object_id": "4", "object_repr": "admin-order", "action_flag": 3, "change_message": ""}}, {"model": "admin.logentry", "pk": 60, "fields": {"action_time": "2023-09-14T16:03:16.088Z", "user": 1, "content_type": 14, "object_id": "2", "object_repr": "admin-order", "action_flag": 3, "change_message": ""}}, {"model": "admin.logentry", "pk": 61, "fields": {"action_time": "2023-09-14T16:03:16.089Z", "user": 1, "content_type": 14, "object_id": "3", "object_repr": "admin-order", "action_flag": 3, "change_message": ""}}, {"model": "admin.logentry", "pk": 62, "fields": {"action_time": "2023-09-14T16:03:16.090Z", "user": 1, "content_type": 14, "object_id": "1", "object_repr": "admin-order", "action_flag": 3, "change_message": ""}}, {"model": "admin.logentry", "pk": 63, "fields": {"action_time": "2023-09-14T16:26:10.446Z", "user": 1, "content_type": 19, "object_id": "1", "object_repr": "order-5-pink-sauce", "action_flag": 1, "change_message": "[{\"added\": {}}]"}}, {"model": "admin.logentry", "pk": 64, "fields": {"action_time": "2023-09-14T16:26:18.685Z", "user": 1, "content_type": 19, "object_id": "2", "object_repr": "order-5-green-effect", "action_flag": 1, "change_message": "[{\"added\": {}}]"}}, {"model": "admin.logentry", "pk": 65, "fields": {"action_time": "2023-09-14T16:26:30.750Z", "user": 1, "content_type": 14, "object_id": "5", "object_repr": "admin-order-5", "action_flag": 2, "change_message": "[]"}}, {"model": "admin.logentry", "pk": 66, "fields": {"action_time": "2023-09-14T16:46:29.079Z", "user": 1, "content_type": 14, "object_id": "6", "object_repr": "admin-order-6", "action_flag": 3, "change_message": ""}}, {"model": "admin.logentry", "pk": 67, "fields": {"action_time": "2023-09-14T16:47:43.959Z", "user": 1, "content_type": 13, "object_id": "3", "object_repr": "admin-cart", "action_flag": 2, "change_message": "[{\"changed\": {\"fields\": [\"Sum cost\"]}}]"}}, {"model": "admin.logentry", "pk": 68, "fields": {"action_time": "2023-09-15T11:14:38.256Z", "user": 1, "content_type": 15, "object_id": "1", "object_repr": "admin", "action_flag": 2, "change_message": "[]"}}, {"model": "admin.logentry", "pk": 69, "fields": {"action_time": "2023-09-15T15:42:53.055Z", "user": 1, "content_type": 10, "object_id": "1", "object_repr": "green-effect", "action_flag": 2, "change_message": "[{\"changed\": {\"fields\": [\"Rating average\"]}}]"}}, {"model": "admin.logentry", "pk": 70, "fields": {"action_time": "2023-09-15T15:43:02.573Z", "user": 1, "content_type": 10, "object_id": "2", "object_repr": "pink-sauce", "action_flag": 2, "change_message": "[{\"changed\": {\"fields\": [\"Rating average\"]}}]"}}, {"model": "admin.logentry", "pk": 71, "fields": {"action_time": "2023-09-15T15:48:25.249Z", "user": 1, "content_type": 12, "object_id": "8", "object_repr": "green-effectreviewthird", "action_flag": 3, "change_message": ""}}, {"model": "admin.logentry", "pk": 72, "fields": {"action_time": "2023-09-16T15:57:15.952Z", "user": 1, "content_type": 14, "object_id": "8", "object_repr": "admin-order-8", "action_flag": 2, "change_message": "[]"}}, {"model": "admin.logentry", "pk": 73, "fields": {"action_time": "2023-09-16T16:02:27.269Z", "user": 1, "content_type": 14, "object_id": "8", "object_repr": "admin-order-8", "action_flag": 2, "change_message": "[]"}}, {"model": "admin.logentry", "pk": 74, "fields": {"action_time": "2023-09-16T16:02:31.427Z", "user": 1, "content_type": 14, "object_id": "8", "object_repr": "admin-order-8", "action_flag": 2, "change_message": "[]"}}, {"model": "admin.logentry", "pk": 75, "fields": {"action_time": "2023-09-16T16:04:30.701Z", "user": 1, "content_type": 14, "object_id": "8", "object_repr": "admin-order-8", "action_flag": 2, "change_message": "[]"}}, {"model": "admin.logentry", "pk": 76, "fields": {"action_time": "2023-09-16T16:04:35.130Z", "user": 1, "content_type": 14, "object_id": "8", "object_repr": "admin-order-8", "action_flag": 2, "change_message": "[]"}}, {"model": "admin.logentry", "pk": 77, "fields": {"action_time": "2023-09-16T16:48:59.596Z", "user": 1, "content_type": 14, "object_id": "8", "object_repr": "admin-order-8", "action_flag": 2, "change_message": "[]"}}, {"model": "admin.logentry", "pk": 78, "fields": {"action_time": "2023-09-16T16:49:02.367Z", "user": 1, "content_type": 14, "object_id": "7", "object_repr": "admin-order-7", "action_flag": 2, "change_message": "[]"}}, {"model": "admin.logentry", "pk": 79, "fields": {"action_time": "2023-09-16T16:49:05.001Z", "user": 1, "content_type": 14, "object_id": "5", "object_repr": "admin-order-5", "action_flag": 2, "change_message": "[]"}}, {"model": "admin.logentry", "pk": 80, "fields": {"action_time": "2023-09-16T16:49:27.004Z", "user": 1, "content_type": 12, "object_id": "7", "object_repr": "pink-saucereviewadmin", "action_flag": 3, "change_message": ""}}, {"model": "admin.logentry", "pk": 81, "fields": {"action_time": "2023-09-16T16:49:27.006Z", "user": 1, "content_type": 12, "object_id": "5", "object_repr": "pink-saucereviewsecond", "action_flag": 3, "change_message": ""}}, {"model": "admin.logentry", "pk": 82, "fields": {"action_time": "2023-09-16T16:54:14.374Z", "user": 1, "content_type": 10, "object_id": "2", "object_repr": "pink-sauce", "action_flag": 2, "change_message": "[{\"changed\": {\"fields\": [\"Rating average\"]}}]"}}, {"model": "admin.logentry", "pk": 83, "fields": {"action_time": "2023-09-16T16:54:19.548Z", "user": 1, "content_type": 10, "object_id": "1", "object_repr": "green-effect", "action_flag": 2, "change_message": "[]"}}, {"model": "admin.logentry", "pk": 84, "fields": {"action_time": "2023-09-16T16:54:23.211Z", "user": 1, "content_type": 10, "object_id": "2", "object_repr": "pink-sauce", "action_flag": 2, "change_message": "[]"}}, {"model": "admin.logentry", "pk": 85, "fields": {"action_time": "2023-09-27T16:51:07.837Z", "user": 1, "content_type": 12, "object_id": "2", "object_repr": "green-effectreviewsecond", "action_flag": 2, "change_message": "[]"}}, {"model": "admin.logentry", "pk": 86, "fields": {"action_time": "2023-09-27T16:51:19.438Z", "user": 1, "content_type": 12, "object_id": "3", "object_repr": "green-effectreviewadmin", "action_flag": 2, "change_message": "[{\"changed\": {\"fields\": [\"Message\"]}}]"}}, {"model": "admin.logentry", "pk": 87, "fields": {"action_time": "2023-09-27T16:51:51.688Z", "user": 1, "content_type": 12, "object_id": "11", "object_repr": "pink-saucereviewsecond", "action_flag": 2, "change_message": "[{\"changed\": {\"fields\": [\"Message\", \"Title\"]}}]"}}, {"model": "admin.logentry", "pk": 88, "fields": {"action_time": "2023-09-27T16:52:04.795Z", "user": 1, "content_type": 12, "object_id": "12", "object_repr": "pink-saucereviewadmin", "action_flag": 2, "change_message": "[{\"changed\": {\"fields\": [\"Message\", \"Title\"]}}]"}}, {"model": "admin.logentry", "pk": 89, "fields": {"action_time": "2023-09-27T16:52:13.894Z", "user": 1, "content_type": 12, "object_id": "3", "object_repr": "green-effectreviewadmin", "action_flag": 2, "change_message": "[{\"changed\": {\"fields\": [\"Message\", \"Title\"]}}]"}}, {"model": "admin.logentry", "pk": 90, "fields": {"action_time": "2023-09-27T16:52:57.127Z", "user": 1, "content_type": 12, "object_id": "2", "object_repr": "green-effectreviewsecond", "action_flag": 2, "change_message": "[{\"changed\": {\"fields\": [\"Message\", \"Title\"]}}]"}}, {"model": "admin.logentry", "pk": 91, "fields": {"action_time": "2023-09-27T16:57:07.285Z", "user": 1, "content_type": 15, "object_id": "1", "object_repr": "admin", "action_flag": 2, "change_message": "[{\"changed\": {\"fields\": [\"Bio\"]}}]"}}, {"model": "auth.permission", "pk": 1, "fields": {"name": "Can add log entry", "content_type": 1, "codename": "add_logentry"}}, {"model": "auth.permission", "pk": 2, "fields": {"name": "Can change log entry", "content_type": 1, "codename": "change_logentry"}}, {"model": "auth.permission", "pk": 3, "fields": {"name": "Can delete log entry", "content_type": 1, "codename": "delete_logentry"}}, {"model": "auth.permission", "pk": 4, "fields": {"name": "Can view log entry", "content_type": 1, "codename": "view_logentry"}}, {"model": "auth.permission", "pk": 5, "fields": {"name": "Can add permission", "content_type": 2, "codename": "add_permission"}}, {"model": "auth.permission", "pk": 6, "fields": {"name": "Can change permission", "content_type": 2, "codename": "change_permission"}}, {"model": "auth.permission", "pk": 7, "fields": {"name": "Can delete permission", "content_type": 2, "codename": "delete_permission"}}, {"model": "auth.permission", "pk": 8, "fields": {"name": "Can view permission", "content_type": 2, "codename": "view_permission"}}, {"model": "auth.permission", "pk": 9, "fields": {"name": "Can add group", "content_type": 3, "codename": "add_group"}}, {"model": "auth.permission", "pk": 10, "fields": {"name": "Can change group", "content_type": 3, "codename": "change_group"}}, {"model": "auth.permission", "pk": 11, "fields": {"name": "Can delete group", "content_type": 3, "codename": "delete_group"}}, {"model": "auth.permission", "pk": 12, "fields": {"name": "Can view group", "content_type": 3, "codename": "view_group"}}, {"model": "auth.permission", "pk": 13, "fields": {"name": "Can add user", "content_type": 4, "codename": "add_user"}}, {"model": "auth.permission", "pk": 14, "fields": {"name": "Can change user", "content_type": 4, "codename": "change_user"}}, {"model": "auth.permission", "pk": 15, "fields": {"name": "Can delete user", "content_type": 4, "codename": "delete_user"}}, {"model": "auth.permission", "pk": 16, "fields": {"name": "Can view user", "content_type": 4, "codename": "view_user"}}, {"model": "auth.permission", "pk": 17, "fields": {"name": "Can add content type", "content_type": 5, "codename": "add_contenttype"}}, {"model": "auth.permission", "pk": 18, "fields": {"name": "Can change content type", "content_type": 5, "codename": "change_contenttype"}}, {"model": "auth.permission", "pk": 19, "fields": {"name": "Can delete content type", "content_type": 5, "codename": "delete_contenttype"}}, {"model": "auth.permission", "pk": 20, "fields": {"name": "Can view content type", "content_type": 5, "codename": "view_contenttype"}}, {"model": "auth.permission", "pk": 21, "fields": {"name": "Can add session", "content_type": 6, "codename": "add_session"}}, {"model": "auth.permission", "pk": 22, "fields": {"name": "Can change session", "content_type": 6, "codename": "change_session"}}, {"model": "auth.permission", "pk": 23, "fields": {"name": "Can delete session", "content_type": 6, "codename": "delete_session"}}, {"model": "auth.permission", "pk": 24, "fields": {"name": "Can view session", "content_type": 6, "codename": "view_session"}}, {"model": "auth.permission", "pk": 25, "fields": {"name": "Can add manufacturer", "content_type": 7, "codename": "add_manufacturer"}}, {"model": "auth.permission", "pk": 26, "fields": {"name": "Can change manufacturer", "content_type": 7, "codename": "change_manufacturer"}}, {"model": "auth.permission", "pk": 27, "fields": {"name": "Can delete manufacturer", "content_type": 7, "codename": "delete_manufacturer"}}, {"model": "auth.permission", "pk": 28, "fields": {"name": "Can view manufacturer", "content_type": 7, "codename": "view_manufacturer"}}, {"model": "auth.permission", "pk": 29, "fields": {"name": "Can add effect type", "content_type": 8, "codename": "add_effecttype"}}, {"model": "auth.permission", "pk": 30, "fields": {"name": "Can change effect type", "content_type": 8, "codename": "change_effecttype"}}, {"model": "auth.permission", "pk": 31, "fields": {"name": "Can delete effect type", "content_type": 8, "codename": "delete_effecttype"}}, {"model": "auth.permission", "pk": 32, "fields": {"name": "Can view effect type", "content_type": 8, "codename": "view_effecttype"}}, {"model": "auth.permission", "pk": 33, "fields": {"name": "Can add shipping", "content_type": 9, "codename": "add_shipping"}}, {"model": "auth.permission", "pk": 34, "fields": {"name": "Can change shipping", "content_type": 9, "codename": "change_shipping"}}, {"model": "auth.permission", "pk": 35, "fields": {"name": "Can delete shipping", "content_type": 9, "codename": "delete_shipping"}}, {"model": "auth.permission", "pk": 36, "fields": {"name": "Can view shipping", "content_type": 9, "codename": "view_shipping"}}, {"model": "auth.permission", "pk": 37, "fields": {"name": "Can add product", "content_type": 10, "codename": "add_product"}}, {"model": "auth.permission", "pk": 38, "fields": {"name": "Can change product", "content_type": 10, "codename": "change_product"}}, {"model": "auth.permission", "pk": 39, "fields": {"name": "Can delete product", "content_type": 10, "codename": "delete_product"}}, {"model": "auth.permission", "pk": 40, "fields": {"name": "Can view product", "content_type": 10, "codename": "view_product"}}, {"model": "auth.permission", "pk": 41, "fields": {"name": "Can add product image", "content_type": 11, "codename": "add_productimage"}}, {"model": "auth.permission", "pk": 42, "fields": {"name": "Can change product image", "content_type": 11, "codename": "change_productimage"}}, {"model": "auth.permission", "pk": 43, "fields": {"name": "Can delete product image", "content_type": 11, "codename": "delete_productimage"}}, {"model": "auth.permission", "pk": 44, "fields": {"name": "Can view product image", "content_type": 11, "codename": "view_productimage"}}, {"model": "auth.permission", "pk": 45, "fields": {"name": "Can add review", "content_type": 12, "codename": "add_review"}}, {"model": "auth.permission", "pk": 46, "fields": {"name": "Can change review", "content_type": 12, "codename": "change_review"}}, {"model": "auth.permission", "pk": 47, "fields": {"name": "Can delete review", "content_type": 12, "codename": "delete_review"}}, {"model": "auth.permission", "pk": 48, "fields": {"name": "Can view review", "content_type": 12, "codename": "view_review"}}, {"model": "auth.permission", "pk": 49, "fields": {"name": "Can add cart", "content_type": 13, "codename": "add_cart"}}, {"model": "auth.permission", "pk": 50, "fields": {"name": "Can change cart", "content_type": 13, "codename": "change_cart"}}, {"model": "auth.permission", "pk": 51, "fields": {"name": "Can delete cart", "content_type": 13, "codename": "delete_cart"}}, {"model": "auth.permission", "pk": 52, "fields": {"name": "Can view cart", "content_type": 13, "codename": "view_cart"}}, {"model": "auth.permission", "pk": 53, "fields": {"name": "Can add order", "content_type": 14, "codename": "add_order"}}, {"model": "auth.permission", "pk": 54, "fields": {"name": "Can change order", "content_type": 14, "codename": "change_order"}}, {"model": "auth.permission", "pk": 55, "fields": {"name": "Can delete order", "content_type": 14, "codename": "delete_order"}}, {"model": "auth.permission", "pk": 56, "fields": {"name": "Can view order", "content_type": 14, "codename": "view_order"}}, {"model": "auth.permission", "pk": 57, "fields": {"name": "Can add user profile", "content_type": 15, "codename": "add_userprofile"}}, {"model": "auth.permission", "pk": 58, "fields": {"name": "Can change user profile", "content_type": 15, "codename": "change_userprofile"}}, {"model": "auth.permission", "pk": 59, "fields": {"name": "Can delete user profile", "content_type": 15, "codename": "delete_userprofile"}}, {"model": "auth.permission", "pk": 60, "fields": {"name": "Can view user profile", "content_type": 15, "codename": "view_userprofile"}}, {"model": "auth.permission", "pk": 61, "fields": {"name": "Can add cart item", "content_type": 16, "codename": "add_cartitem"}}, {"model": "auth.permission", "pk": 62, "fields": {"name": "Can change cart item", "content_type": 16, "codename": "change_cartitem"}}, {"model": "auth.permission", "pk": 63, "fields": {"name": "Can delete cart item", "content_type": 16, "codename": "delete_cartitem"}}, {"model": "auth.permission", "pk": 64, "fields": {"name": "Can view cart item", "content_type": 16, "codename": "view_cartitem"}}, {"model": "auth.permission", "pk": 65, "fields": {"name": "Can add discount", "content_type": 17, "codename": "add_discount"}}, {"model": "auth.permission", "pk": 66, "fields": {"name": "Can change discount", "content_type": 17, "codename": "change_discount"}}, {"model": "auth.permission", "pk": 67, "fields": {"name": "Can delete discount", "content_type": 17, "codename": "delete_discount"}}, {"model": "auth.permission", "pk": 68, "fields": {"name": "Can view discount", "content_type": 17, "codename": "view_discount"}}, {"model": "auth.permission", "pk": 69, "fields": {"name": "Can add address", "content_type": 18, "codename": "add_address"}}, {"model": "auth.permission", "pk": 70, "fields": {"name": "Can change address", "content_type": 18, "codename": "change_address"}}, {"model": "auth.permission", "pk": 71, "fields": {"name": "Can delete address", "content_type": 18, "codename": "delete_address"}}, {"model": "auth.permission", "pk": 72, "fields": {"name": "Can view address", "content_type": 18, "codename": "view_address"}}, {"model": "auth.permission", "pk": 73, "fields": {"name": "Can add order item", "content_type": 19, "codename": "add_orderitem"}}, {"model": "auth.permission", "pk": 74, "fields": {"name": "Can change order item", "content_type": 19, "codename": "change_orderitem"}}, {"model": "auth.permission", "pk": 75, "fields": {"name": "Can delete order item", "content_type": 19, "codename": "delete_orderitem"}}, {"model": "auth.permission", "pk": 76, "fields": {"name": "Can view order item", "content_type": 19, "codename": "view_orderitem"}}, {"model": "auth.permission", "pk": 77, "fields": {"name": "Can add subscriber", "content_type": 20, "codename": "add_subscriber"}}, {"model": "auth.permission", "pk": 78, "fields": {"name": "Can change subscriber", "content_type": 20, "codename": "change_subscriber"}}, {"model": "auth.permission", "pk": 79, "fields": {"name": "Can delete subscriber", "content_type": 20, "codename": "delete_subscriber"}}, {"model": "auth.permission", "pk": 80, "fields": {"name": "Can view subscriber", "content_type": 20, "codename": "view_subscriber"}}, {"model": "auth.user", "pk": 1, "fields": {"password": "pbkdf2_sha256$600000$Buhmak7pyuCTI15RufKVSA$vyfTZOq7p2JmCfHQBX8/9JlbFoGJBoHOmzTwSVoplt8=", "last_login": "2023-09-27T16:48:56.660Z", "is_superuser": true, "username": "admin", "first_name": "", "last_name": "", "email": "", "is_staff": true, "is_active": true, "date_joined": "2023-09-10T14:54:25.145Z", "groups": [], "user_permissions": []}}, {"model": "auth.user", "pk": 2, "fields": {"password": "pbkdf2_sha256$600000$xNNGq13k8I4AcSGkqRnOXU$+5O4hljG3uocgbLt2CW0Pwo6lrNaPqkPt4Gd5fB+lsY=", "last_login": "2023-09-16T16:55:28.325Z", "is_superuser": false, "username": "second", "first_name": "", "last_name": "", "email": "", "is_staff": false, "is_active": true, "date_joined": "2023-09-10T14:57:58.073Z", "groups": [], "user_permissions": []}}, {"model": "auth.user", "pk": 3, "fields": {"password": "", "last_login": null, "is_superuser": false, "username": "", "first_name": "John", "last_name": "Admin", "email": "admin@localhost.com", "is_staff": false, "is_active": true, "date_joined": "2023-09-15T11:13:51.094Z", "groups": [], "user_permissions": []}}, {"model": "auth.user", "pk": 7, "fields": {"password": "pbkdf2_sha256$600000$3sCa7LvulNFf9jSv4o4M3M$hPmC3ARL9CDrm+2FtPGWCk8V9dYktyYNqfVs/CnokuY=", "last_login": "2023-09-15T15:48:51.384Z", "is_superuser": false, "username": "third", "first_name": "Third", "last_name": "User", "email": "third@localhost.com", "is_staff": false, "is_active": true, "date_joined": "2023-09-15T15:45:34.367Z", "groups": [], "user_permissions": []}}, {"model": "contenttypes.contenttype", "pk": 1, "fields": {"app_label": "admin", "model": "logentry"}}, {"model": "contenttypes.contenttype", "pk": 2, "fields": {"app_label": "auth", "model": "permission"}}, {"model": "contenttypes.contenttype", "pk": 3, "fields": {"app_label": "auth", "model": "group"}}, {"model": "contenttypes.contenttype", "pk": 4, "fields": {"app_label": "auth", "model": "user"}}, {"model": "contenttypes.contenttype", "pk": 5, "fields": {"app_label": "contenttypes", "model": "contenttype"}}, {"model": "contenttypes.contenttype", "pk": 6, "fields": {"app_label": "sessions", "model": "session"}}, {"model": "contenttypes.contenttype", "pk": 7, "fields": {"app_label": "sklep", "model": "manufacturer"}}, {"model": "contenttypes.contenttype", "pk": 8, "fields": {"app_label": "sklep", "model": "effecttype"}}, {"model": "contenttypes.contenttype", "pk": 9, "fields": {"app_label": "sklep", "model": "shipping"}}, {"model": "contenttypes.contenttype", "pk": 10, "fields": {"app_label": "sklep", "model": "product"}}, {"model": "contenttypes.contenttype", "pk": 11, "fields": {"app_label": "sklep", "model": "productimage"}}, {"model": "contenttypes.contenttype", "pk": 12, "fields": {"app_label": "sklep", "model": "review"}}, {"model": "contenttypes.contenttype", "pk": 13, "fields": {"app_label": "sklep", "model": "cart"}}, {"model": "contenttypes.contenttype", "pk": 14, "fields": {"app_label": "sklep", "model": "order"}}, {"model": "contenttypes.contenttype", "pk": 15, "fields": {"app_label": "users", "model": "userprofile"}}, {"model": "contenttypes.contenttype", "pk": 16, "fields": {"app_label": "sklep", "model": "cartitem"}}, {"model": "contenttypes.contenttype", "pk": 17, "fields": {"app_label": "sklep", "model": "discount"}}, {"model": "contenttypes.contenttype", "pk": 18, "fields": {"app_label": "sklep", "model": "address"}}, {"model": "contenttypes.contenttype", "pk": 19, "fields": {"app_label": "sklep", "model": "orderitem"}}, {"model": "contenttypes.contenttype", "pk": 20, "fields": {"app_label": "users", "model": "subscriber"}}, {"model": "sessions.session", "pk": "kydpw3j6st1yybykjkqnq5fips25ofxf", "fields": {"session_data": ".eJxVjDsOwjAQBe_iGlleO_5R0nMGa9cfHEC2FCcV4u4QKQW0b2beiwXc1hq2kZcwJ3ZmwE6_G2F85LaDdMd26zz2ti4z8V3hBx382lN-Xg7376DiqN86IumcpJ4ygtFOFA-ECUE6iaAMeotSgJWxOABVktZG0SQ8yWLJCmDvD-lrN4E:1qlXia:Vm_NKUa0JPPTEb9_ktXLOlRykIP9jD97Cj5hlVWMAHk", "expire_date": "2023-10-11T16:48:56.664Z"}}, {"model": "sessions.session", "pk": "xw07u3o81u3hmmt2x9yi5m3nofak3nzx", "fields": {"session_data": ".eJxVjDsOwjAQBe_iGlleO_5R0nMGa9cfHEC2FCcV4u4QKQW0b2beiwXc1hq2kZcwJ3ZmwE6_G2F85LaDdMd26zz2ti4z8V3hBx382lN-Xg7376DiqN86IumcpJ4ygtFOFA-ECUE6iaAMeotSgJWxOABVktZG0SQ8yWLJCmDvD-lrN4E:1qhYnX:iiZX8GhAUgAJKPkz48wytZ9joMr4FNKgd09scDhUBak", "expire_date": "2023-09-30T17:09:35.561Z"}}, {"model": "sklep.address", "pk": 2, "fields": {"country": "Poland", "street": "Smugowa", "street_number": 113, "zipcode": "12344", "user": 1}}, {"model": "sklep.address", "pk": 3, "fields": {"country": "Germany", "street": "zucken", "street_number": 1, "zipcode": "3444", "user": 1}}, {"model": "sklep.address", "pk": 15, "fields": {"country": "gdfs", "street": "fgh", "street_number": 66, "zipcode": "776", "user": 1}}, {"model": "sklep.manufacturer", "pk": 1, "fields": {"owner": 1, "date_created": "2023-09-10", "logo_image": "images/logos/74WmZA-kalopsia.png", "active": true, "product_count": 0, "sales_count": 0, "view_count": 0, "description": "Kalopsia effects, we run this ting edited", "rating_average": "0.00", "name": "Kalopsia", "slug": "kalopsia", "country": "poland"}}, {"model": "sklep.manufacturer", "pk": 2, "fields": {"owner": 2, "date_created": "2023-09-10", "logo_image": "images/logos/ekICLs-logo_1.png", "active": false, "product_count": 1, "sales_count": 4, "view_count": 0, "description": "Instantly", "rating_average": "3.00", "name": "Instant", "slug": "instant", "country": "usa"}}, {"model": "sklep.manufacturer", "pk": 3, "fields": {"owner": 1, "date_created": "2023-09-15", "logo_image": "", "active": false, "product_count": 0, "sales_count": 0, "view_count": 0, "description": "test me brother", "rating_average": "0.00", "name": "testing123", "slug": "testing123", "country": "czech"}}, {"model": "sklep.effecttype", "pk": 1, "fields": {"desc": "distortion desc thing", "name": "distortion", "product_count": 0, "slug": "distortion"}}, {"model": "sklep.effecttype", "pk": 2, "fields": {"desc": "reverb", "name": "reverb effect desc ting", "product_count": 0, "slug": "reverb-effect-desc-ting"}}, {"model": "sklep.shipping", "pk": 1, "fields": {"name": "basic", "price": "10.00", "days_minimum": 1, "slug": "basic"}}, {"model": "sklep.shipping", "pk": 2, "fields": {"name": "extra", "price": "15.00", "days_minimum": 1, "slug": "extra"}}, {"model": "sklep.product", "pk": 1, "fields": {"type": "effect", "date_created": "2023-09-16T09:49:09.089Z", "price": "100.00", "main_product_image": "images/products/ABlF43-green_1.png", "owner": 1, "name": "Green Effect", "rating_average": "4.00", "warranty": 2, "bypass": true, "manufacturer": 1, "effect_type": 1, "power_type": "9v", "quantity": 5, "discount": "0.10", "slug": "green-effect", "about": "green about", "technical": "green tech", "other": "green other", "character": "", "size_type": "compact", "view_count": 0, "bought_count": 4}}, {"model": "sklep.product", "pk": 2, "fields": {"type": "effect", "date_created": "2023-09-16T09:49:09.089Z", "price": "200.00", "main_product_image": "images/products/IRk8ck-pink_1.png", "owner": 2, "name": "Pink Sauce", "rating_average": "3.00", "warranty": 2, "bypass": true, "manufacturer": 2, "effect_type": 1, "power_type": "12v", "quantity": 5, "discount": "0.05", "slug": "pink-sauce", "about": "", "technical": "", "other": "", "character": "slick", "size_type": "compact", "view_count": 0, "bought_count": 4}}, {"model": "sklep.productimage", "pk": 1, "fields": {"product": 2, "image": "images/pink-sauce/images/dMFadl-pink_2.png", "slug": "pink-sauceimage-vqx8qj2"}}, {"model": "sklep.productimage", "pk": 2, "fields": {"product": 2, "image": "images/pink-sauce/images/I1FNN2-pink_3.png", "slug": "pink-sauceimage-iune6d2"}}, {"model": "sklep.productimage", "pk": 3, "fields": {"product": 1, "image": "images/green-effect/images/A6ZU6h-green_2.png", "slug": "green-effectimage-fozb0a1"}}, {"model": "sklep.review", "pk": 2, "fields": {"author": 2, "message": "Lorem ipsum dolor sit amet, consectetur adipiscing elit, sed do eiusmod tempor incididunt ut labore et dolore magna aliqua. Et malesuada fames ac turpis. Vel quam elementum pulvinar etiam non quam lacus suspendisse faucibus. Lacus suspendisse faucibus interdum posuere lorem ipsum dolor sit amet. Posuere urna nec tincidunt praesent semper feugiat. Nibh cras pulvinar mattis nunc sed blandit libero.", "rating": 4, "product": 1, "date_created": "2023-09-10T15:58:38.000Z", "title": "It's a great product", "slug": "green-effectreviewsecond", "like_count": 2, "liked_by": [1, 2]}}, {"model": "sklep.review", "pk": 3, "fields": {"author": 1, "message": "Lorem ipsum dolor sit amet, consectetur adipiscing elit, sed do eiusmod tempor incididunt ut labore et dolore magna aliqua. Et malesuada fames ac turpis. Vel quam elementum pulvinar etiam non quam lacus suspendisse faucibus. Lacus suspendisse faucibus interdum posuere lorem ipsum dolor sit amet. Posuere urna nec tincidunt praesent semper feugiat. Nibh cras pulvinar mattis nunc sed blandit libero.", "rating": 4, "product": 1, "date_created": "2023-09-10T18:05:51.373Z", "title": "It's great", "slug": "green-effectreviewadmin", "like_count": 1, "liked_by": [2]}}, {"model": "sklep.review", "pk": 11, "fields": {"author": 2, "message": "Lorem ipsum dolor sit amet, consectetur adipiscing elit, sed do eiusmod tempor incididunt ut labore et dolore magna aliqua. Et malesuada fames ac turpis. Vel quam elementum pulvinar etiam non quam lacus suspendisse faucibus. Lacus suspendisse faucibus interdum posuere lorem ipsum dolor sit amet. Posuere urna nec tincidunt praesent semper feugiat. Nibh cras pulvinar mattis nunc sed blandit libero.", "rating": 4, "product": 2, "date_created": "2023-09-16T17:09:18.519Z", "title": "a 4 is enough", "slug": "pink-saucereviewsecond", "like_count": 0, "liked_by": []}}, {"model": "sklep.review", "pk": 12, "fields": {"author": 1, "message": "Lorem ipsum dolor sit amet, consectetur adipiscing elit, sed do eiusmod tempor incididunt ut labore et dolore magna aliqua. Et malesuada fames ac turpis. Vel quam elementum pulvinar etiam non quam lacus suspendisse faucibus. Lacus suspendisse faucibus interdum posuere lorem ipsum dolor sit amet. Posuere urna nec tincidunt praesent semper feugiat. Nibh cras pulvinar mattis nunc sed blandit libero.", "rating": 2, "product": 2, "date_created": "2023-09-16T17:09:55.270Z", "title": "Not my style", "slug": "pink-saucereviewadmin", "like_count": 0, "liked_by": []}}, {"model": "sklep.discount", "pk": 1, "fields": {"name": "DISCOUNT10", "discount": "0.10", "date_valid": null, "slug": "discount10"}}, {"model": "sklep.discount", "pk": 2, "fields": {"name": "DISCOUNT15", "discount": "0.15", "date_valid": null, "slug": "discount15"}}, {"model": "sklep.cart", "pk": 3, "fields": {"user": 1, "sum_items": 4, "sum_cost": "560.00", "slug": "admin-cart"}}, {"model": "sklep.cart", "pk": 4, "fields": {"user": 2, "sum_items": 0, "sum_cost": "0.00", "slug": "second-cart"}}, {"model": "sklep.cartitem", "pk": 7, "fields": {"product": 1, "quantity": 2, "cart": 3, "date_added": "2023-09-15T09:36:07.488Z"}}, {"model": "sklep.cartitem", "pk": 8, "fields": {"product": 2, "quantity": 2, "cart": 3, "date_added": "2023-09-15T09:36:30.121Z"}}, {"model": "sklep.order", "pk": 5, "fields": {"user": 1, "date_ordered": "2023-09-14T16:03:28.147Z", "date_updated": "2023-09-16T16:49:05.001Z", "address": 2, "status": "progress", "discount": "0.00", "sum_cost": "280.00", "sum_items": 2, "shipping_method": 2, "shipping_cost": "15.00"}}, {"model": "sklep.order", "pk": 7, "fields": {"user": 1, "date_ordered": "2023-09-14T16:46:17.736Z", "date_updated": "2023-09-16T16:49:02.366Z", "address": 3, "status": "progress", "discount": "0.00", "sum_cost": "280.00", "sum_items": 2, "shipping_method": 2, "shipping_cost": "15.00"}}, {"model": "sklep.order", "pk": 8, "fields": {"user": 1, "date_ordered": "2023-09-14T16:47:57.689Z", "date_updated": "2023-09-16T16:48:59.596Z", "address": 15, "status": "progress", "discount": "0.00", "sum_cost": "280.00", "sum_items": 2, "shipping_method": 1, "shipping_cost": "10.00"}}, {"model": "sklep.orderitem", "pk": 1, "fields": {"product": 2, "quantity": 2, "order": 5}}, {"model": "sklep.orderitem", "pk": 2, "fields": {"product": 1, "quantity": 2, "order": 5}}, {"model": "sklep.orderitem", "pk": 3, "fields": {"product": 2, "quantity": 1, "order": 7}}, {"model": "sklep.orderitem", "pk": 4, "fields": {"product": 1, "quantity": 1, "order": 7}}, {"model": "sklep.orderitem", "pk": 5, "fields": {"product": 2, "quantity": 1, "order": 8}}, {"model": "sklep.orderitem", "pk": 6, "fields": {"product": 1, "quantity": 1, "order": 8}}, {"model": "users.userprofile", "pk": 1, "fields": {"type": "admin", "user": 1, "bio": "I work here", "date_created": "2023-09-10T14:56:46.102Z", "profile_image": "images/profiles/MIz5sG-43.jpg", "review_count": 0, "bought_count": 0, "favourite_count": 1, "slug": "admin", "favourite_products": [1]}}, {"model": "users.userprofile", "pk": 2, "fields": {"type": "manufacturer", "user": 2, "bio": "second user bio", "date_created": "2023-09-10T14:58:31.730Z", "profile_image": "images/profiles/37IdNF-75.jpg", "review_count": 0, "bought_count": 0, "favourite_count": 0, "slug": "second", "favourite_products": []}}, {"model": "users.userprofile", "pk": 3, "fields": {"type": "", "user": 7, "bio": "", "date_created": "2023-09-15T15:45:34.609Z", "profile_image": "../static/img/placeholder_avatar.png", "review_count": 0, "bought_count": 0, "favourite_count": 0, "slug": "third", "favourite_products": []}}, {"model": "users.subscriber", "pk": 1, "fields": {"email": "dupa@loclhost.com", "name": "Testing me", "frequency": 14, "slug": "dupaloclhostcom"}}, {"model": "users.subscriber", "pk": 2, "fields": {"email": "brr@gmail.com", "name": "wsdg", "frequency": 31, "slug": "brrgmailcom"}}]
